road_id,type,from_area,to_area,description,crosses_river,is_bridge,confidence,preferred,popularity,scenic_score,hot_route_group,hot_route_name,notes,geometry_wkt
R001,secondary_road,,,,no,no,0.75,no,0,0,,,source_id=path2; needs_bridge_check,"LINESTRING(1380.5 1542.5, 1502 1538.5)"
R002,secondary_road,,,,no,no,0.75,no,0,0,,,source_id=path3; needs_bridge_check,"LINESTRING(1502 1538.5, 1343 1380)"
R003,secondary_road,,,,no,no,0.75,no,0,0,,,source_id=path4; needs_bridge_check,"LINESTRING(1502 1538.5, 1453 1331.5)"
R004,secondary_road,,,,no,no,0.75,no,0,0,,,source_id=path5; needs_bridge_check,"LINESTRING(1502 1538.5, 1563 1516.5)"
R005,secondary_road,,,,no,no,0.75,no,0,0,,,source_id=path6; needs_bridge_check,"LINESTRING(1502 1538.5, 1269 1712.5)"
R006,secondary_road,,,,no,no,0.75,no,0,0,,,source_id=path7; needs_bridge_check,"LINESTRING(1506.2432 1536.9697, 1428 1747)"
R007,secondary_road,,,,no,no,0.75,no,0,0,,,source_id=path8; needs_bridge_check,"LINESTRING(1587 1624, 1563 1516.5)"
R008,secondary_road,,,,no,no,0.75,no,0,0,,,source_id=path9; needs_bridge_check,"LINESTRING(1587 1624, 1428 1747)"
R009,secondary_road,,,,no,no,0.75,no,0,0,,,source_id=path10; needs_bridge_check,"LINESTRING(1587 1624, 1624 1662)"
R010,secondary_road,,,,no,no,0.75,no,0,0,,,source_id=path11; needs_bridge_check,"LINESTRING(1624 1662, 1567 1742.5)"
R011,secondary_road,,,,no,no,0.75,no,0,0,,,source_id=path12; needs_bridge_check,"LINESTRING(1624 1662, 1708.5 1676.5)"
R012,secondary_road,,,,no,no,0.75,no,0,0,,,source_id=path13; needs_bridge_check,"LINESTRING(1708.5 1676.5, 1677.5 1862.5)"
R013,secondary_road,,,,no,no,0.75,no,0,0,,,source_id=path14; needs_bridge_check,"LINESTRING(1708.5 1676.5, 1736.5 1827.5)"
R014,secondary_road,,,,no,no,0.75,no,0,0,,,source_id=path15; needs_bridge_check,"LINESTRING(1708.5 1676.5, 1783 1774.5)"
R015,secondary_road,,,,no,no,0.75,no,0,0,,,source_id=path16; needs_bridge_check,"LINESTRING(1708.5 1676.5, 1831 1557.5)"
R016,secondary_road,,,,no,no,0.75,no,0,0,,,source_id=path17; needs_bridge_check,"LINESTRING(1617 1434, 1563 1516.5)"
R017,secondary_road,,,,no,no,0.75,no,0,0,,,source_id=path18; needs_bridge_check,"LINESTRING(1617 1434, 1769 1386.5)"
R018,secondary_road,,,,no,no,0.75,no,0,0,,,source_id=path19; needs_bridge_check,"LINESTRING(1617 1434, 1659 1316)"
R019,secondary_road,,,,no,no,0.75,no,0,0,,,source_id=path20; needs_bridge_check,"LINESTRING(1659 1316, 1769 1386.5)"
R020,secondary_road,,,,no,no,0.75,no,0,0,,,source_id=path21; needs_bridge_check,"LINESTRING(1659 1316, 1697.5 1222.5)"
R021,secondary_road,,,,no,no,0.75,no,0,0,,,source_id=path22; needs_bridge_check,"LINESTRING(1453 1331.5, 1659 1316)"
R022,secondary_road,,,,no,no,0.75,no,0,0,,,source_id=path23; needs_bridge_check,"LINESTRING(1453 1331.5, 1343 1380)"
R023,secondary_road,,,,no,no,0.75,no,0,0,,,source_id=path24; needs_bridge_check,"LINESTRING(1343 1380, 1274.5 1480.5)"
R024,secondary_road,,,,no,no,0.75,no,0,0,,,source_id=path25; needs_bridge_check,"LINESTRING(1274.5 1480.5, 1380.5 1542.5)"
R025,secondary_road,,,,no,no,0.75,no,0,0,,,source_id=path26; needs_bridge_check,"LINESTRING(1380.5 1542.5, 1246.5 1595)"
R026,secondary_road,,,,no,no,0.75,no,0,0,,,source_id=path30; needs_bridge_check,"LINESTRING(1303.5 1777.5, 1428 1747)"
R027,secondary_road,,,,no,no,0.75,no,0,0,,,source_id=path31; needs_bridge_check,"LINESTRING(1428 1747, 1346 1826.5)"
R028,secondary_road,,,,no,no,0.75,no,0,0,,,source_id=path32; needs_bridge_check,"LINESTRING(1428 1747, 1400 1862.5)"
R029,secondary_road,,,,no,no,0.75,no,0,0,,,source_id=path33; needs_bridge_check,"LINESTRING(1567 1742.5, 1400 1862.5)"
R030,secondary_road,,,,no,no,0.75,no,0,0,,,source_id=path34; needs_bridge_check,"LINESTRING(1567 1742.5, 1528 1911.5)"
R031,secondary_road,,,,no,no,0.75,no,0,0,,,source_id=path35; needs_bridge_check,"LINESTRING(1528 1911.5, 1677.5 1862.5)"
R032,secondary_road,,,,no,no,0.75,no,0,0,,,source_id=path36; needs_bridge_check,"LINESTRING(1677.5 1862.5, 1736.5 1827.5)"
R033,secondary_road,,,,no,no,0.75,no,0,0,,,source_id=path37; needs_bridge_check,"LINESTRING(1736.5 1827.5, 1783 1774.5)"
R034,secondary_road,,,,no,no,0.75,no,0,0,,,source_id=path38; needs_bridge_check,"LINESTRING(1783 1774.5, 1831 1557.5)"
R035,secondary_road,,,,no,no,0.75,no,0,0,,,source_id=path39; needs_bridge_check,"LINESTRING(1528 1911.5, 1400 1862.5)"
R036,secondary_road,,,,no,no,0.75,no,0,0,,,source_id=path40; needs_bridge_check,"LINESTRING(1400 1862.5, 1346 1826.5)"
R037,secondary_road,,,,no,no,0.75,no,0,0,,,source_id=path42; needs_bridge_check,"LINESTRING(1831 1557.5, 1769 1386.5)"
R038,secondary_road,,,,no,no,0.75,no,0,0,,,source_id=path43; needs_bridge_check,"LINESTRING(1831 1557.5, 1962 1548)"
R039,secondary_road,,,,no,no,0.75,no,0,0,,,source_id=path44; needs_bridge_check,"LINESTRING(1769 1386.5, 1862 1323)"
R040,secondary_road,,,,no,no,0.75,no,0,0,,,source_id=path45; needs_bridge_check,"LINESTRING(1453 1331.5, 1416.5 1210.5)"
R041,secondary_road,,,,no,no,0.75,no,0,0,,,source_id=path46; needs_bridge_check,"LINESTRING(1343 1380, 1245.5 1301)"
R042,secondary_road,,,,no,no,0.75,no,0,0,,,source_id=path47; needs_bridge_check,"LINESTRING(1245.5 1301, 1416.5 1210.5, 1697.5 1222.5, 1862 1323)"
R043,secondary_road,,,,no,no,0.75,yes,0.8,0.6,,,source_id=path48; needs_bridge_check,"LINESTRING(1862 1323, 1962 1548)"
R044,secondary_road,,,,no,no,0.75,no,0,0,,,source_id=path49; needs_bridge_check,"LINESTRING(1862 1323, 1947.5 1323.5)"
R045,secondary_road,,,,no,no,0.75,yes,0.8,0.6,,,source_id=path50; needs_bridge_check,"LINESTRING(1947.5 1323.5, 1947.5 1210)"
R046,secondary_road,,,,no,no,0.75,yes,0.8,0.6,,,source_id=path51; needs_bridge_check,"LINESTRING(2054.2731 1212.1213, 2221 1217, 2321.5 1306.5, 2353 1431.5, 2322 1538.5)"
R047,secondary_road,,,,no,no,0.75,yes,0.8,0.6,,,source_id=path52; needs_bridge_check,"LINESTRING(1962 1548, 2322 1538.5)"
R048,secondary_road,,,,no,no,0.75,yes,0.8,0.6,,,source_id=path53; needs_bridge_check,"LINESTRING(1697.5 1222.5, 1947.5 1210)"
R049,secondary_road,,,,no,no,0.75,no,0,0,,,source_id=path54; needs_bridge_check,"LINESTRING(1947.5 1210, 1949.5 1079.5)"
R050,secondary_road,,,,no,no,0.75,no,0,0,,,source_id=path55; needs_bridge_check,"LINESTRING(1949.5 1079.5, 2059 1081)"
R051,secondary_road,,,,no,no,0.75,yes,0.8,0.6,,,source_id=path56; needs_bridge_check,"LINESTRING(2059 1081, 2049.1955 946.10887)"
R052,secondary_road,,,,no,no,0.75,yes,0.8,0.6,,,source_id=path57; needs_bridge_check,"LINESTRING(1947.5 1210, 2054.2731 1212.1213)"
R053,secondary_road,,,,no,no,0.75,yes,0.8,0.6,,,source_id=path58; needs_bridge_check,"LINESTRING(2054.2731 1212.1213, 2059 1081)"
R054,secondary_road,,,,no,no,0.75,no,0,0,,,source_id=path60; needs_bridge_check,"LINESTRING(1492.7024 912.16775, 1588.1617999999999 910.04643)"
R055,secondary_road,,,,no,no,0.75,yes,0.8,0.6,,,source_id=path62; needs_bridge_check,"LINESTRING(1588.1618 910.04643, 1760.6959000000002 910.04643, 1862.5193000000002 959.5439, 2049.1955000000003 946.10887)"
R056,secondary_road,,,,no,no,0.75,yes,0.8,0.6,,,source_id=path63; needs_bridge_check,"LINESTRING(1588.1618 910.04643, 1588.8689000000002 1184.4039, 1697.5 1222.5)"
R057,secondary_road,,,,no,no,0.75,no,0,0,,,source_id=path64; needs_bridge_check,"LINESTRING(1492.7024 912.16775, 1494.8237 1186.5252, 1416.5 1210.5)"
R058,secondary_road,,,,no,no,0.75,no,0,0,,,source_id=path65; needs_bridge_check,"LINESTRING(1137.7348 1207.0313, 1416.5 1210.5)"
R059,secondary_road,,,,no,no,0.75,no,0,0,,,source_id=path66; needs_bridge_check,"LINESTRING(1136.3206 1393.7075, 1245.5 1301)"
R060,secondary_road,,,,no,no,0.75,no,0,0,,,source_id=path67; needs_bridge_check,"LINESTRING(1136.3206 1393.7075, 1137.7348 1207.0313)"
R061,secondary_road,,,,no,no,0.75,no,0,0,,,source_id=path68; needs_bridge_check,"LINESTRING(1136.3206 1393.7075, 891.66165 1393.7075)"
R062,secondary_road,,,,no,no,0.75,yes,0.8,0.6,,,source_id=path69; needs_bridge_check,"LINESTRING(2142 1543.25, 2157 1928)"
R063,secondary_road,,,,no,no,0.75,no,0,0,,,source_id=path70; needs_bridge_check,"LINESTRING(2157 1928, 2349 1895, 2322 1538.5)"
R064,secondary_road,,,,no,no,0.75,no,0,0,,,source_id=path71; needs_bridge_check,"LINESTRING(2169 2129, 2175 2343)"
R065,secondary_road,,,,no,no,0.75,yes,0.8,0.6,,,source_id=path72; needs_bridge_check,"LINESTRING(2157 1928, 2169 2129)"
R066,secondary_road,,,,no,no,0.75,yes,0.8,0.6,,,source_id=path73; needs_bridge_check,"LINESTRING(2169 2129, 1991 2144, 1709 2235)"
R067,secondary_road,,,,no,no,0.75,no,0,0,,,source_id=path74; needs_bridge_check,"LINESTRING(1709 2235, 1677.5 1862.5)"
R068,secondary_road,,,,no,no,0.75,yes,0.8,0.6,,,source_id=path75; needs_bridge_check,"LINESTRING(1361.1806 2316.4818, 1707.6628999999998 2319.3102)"
R069,secondary_road,,,,no,no,0.75,no,0,0,,,source_id=path76; needs_bridge_check,"LINESTRING(1319.4613 2089.5005, 1400 1862.5)"
R070,secondary_road,,,,no,no,0.75,yes,0.8,0.6,,,source_id=path77; needs_bridge_check,"LINESTRING(1319.4613 2089.5005, 1362.5947999999999 2137.5838, 1361.1806 2316.4818)"
R071,secondary_road,,,,no,no,0.75,yes,0.8,0.6,,,source_id=path78; needs_bridge_check,"LINESTRING(984.99975 2102.2285, 1319.4613 2089.5005)"
R072,secondary_road,,,,no,no,0.75,no,0,0,,,source_id=path79; needs_bridge_check,"LINESTRING(987.82817 2399.2133, 1150.4627 2399.2133, 1151.1698000000001 2578.8184)"
R073,secondary_road,,,,no,no,0.75,no,0,0,,,source_id=path80; needs_bridge_check,"LINESTRING(975.80736 2300.9255, 984.9997500000001 2102.2284999999997)"
R074,secondary_road,,,,no,no,0.75,no,0,0,,,source_id=path81; needs_bridge_check,"LINESTRING(975.80736 2300.9255, 987.82817 2399.2133)"
R075,secondary_road,,,,no,no,0.75,no,0,0,,,source_id=path82; needs_bridge_check,"LINESTRING(975.80736 2300.9255, 838.62864 2298.8041)"
R076,secondary_road,,,,no,no,0.75,no,0,0,,,source_id=path83; needs_bridge_check,"LINESTRING(838.62864 2298.8041, 835.09311 2095.1574, 720.54181 2085.2579)"
R077,secondary_road,,,,no,no,0.75,no,0,0,,,source_id=path84; needs_bridge_check,"LINESTRING(720.54181 2085.2579, 719.8347 1982.0203)"
R078,secondary_road,,,,no,no,0.75,no,0,0,,,source_id=path85; needs_bridge_check,"LINESTRING(719.8347 1982.0203, 934.08806 1984.1416)"
R079,secondary_road,,,,no,no,0.75,yes,0.8,0.6,,,source_id=path86; needs_bridge_check,"LINESTRING(934.08806 1984.1416, 934.79517 1762.1100999999999)"
R080,secondary_road,,,,no,no,0.75,no,0,0,,,source_id=path87; needs_bridge_check,"LINESTRING(934.79517 1762.1101, 1269 1712.5)"
R081,secondary_road,,,,no,no,0.75,yes,0.8,0.6,,,source_id=path88; needs_bridge_check,"LINESTRING(1707.6629 2319.3102, 1709 2235)"
R082,secondary_road,,,,no,no,0.75,yes,0.8,0.6,,,source_id=path89; needs_bridge_check,"LINESTRING(1354.1095 2583.0611, 1718.2695 2579.5254999999997)"
R083,secondary_road,,,,no,no,0.75,yes,0.8,0.6,,,source_id=path90; needs_bridge_check,"LINESTRING(1718.2695 2579.5255, 1888.6822000000002 2575.9900000000002)"
R084,secondary_road,,,,no,no,0.75,yes,0.8,0.6,,,source_id=path91; needs_bridge_check,"LINESTRING(1888.6822 2575.99, 1931.1086 2353.9585, 2175 2343)"
R085,secondary_road,,,,no,no,0.75,no,0,0,,,source_id=path92; needs_bridge_check,"LINESTRING(1354.1095 2583.0611, 1361.1806 2316.4818)"
R086,secondary_road,,,,no,no,0.75,yes,0.8,0.6,,,source_id=path93; needs_bridge_check,"LINESTRING(1354.1095 2583.0611, 1151.1698000000001 2578.8184)"
R087,secondary_road,,,,no,no,0.75,no,0,0,,,source_id=path94; needs_bridge_check,"LINESTRING(1354.1095 2583.0611, 1355.5237 2775.3941)"
R088,secondary_road,,,,no,no,0.75,no,0,0,,,source_id=path95; needs_bridge_check,"LINESTRING(1355.5237 2775.3941, 1716.8553 2776.8083)"
R089,secondary_road,,,,no,no,0.75,no,0,0,,,source_id=path96; needs_bridge_check,"LINESTRING(1716.8553 2776.8083, 1718.2694999999999 2579.5255)"
R090,secondary_road,,,,no,no,0.75,no,0,0,,,source_id=path97; needs_bridge_check,"LINESTRING(1716.8553 2776.8083, 2162.3325 2771.8586)"
R091,secondary_road,,,,no,no,0.75,no,0,0,,,source_id=path98; needs_bridge_check,"LINESTRING(2162.3325 2771.8586, 2163.0396 2613.4667)"
R092,secondary_road,,,,no,no,0.75,no,0,0,,,source_id=path99; needs_bridge_check,"LINESTRING(2163.0396 2613.4667, 1888.6822 2575.99)"
R093,secondary_road,,,,no,no,0.75,no,0,0,,,source_id=path100; needs_bridge_check,"LINESTRING(1355.5237 2775.3941, 1165.312 2775.3941)"
R094,secondary_road,,,,no,no,0.75,yes,0.8,0.6,,,source_id=path101; needs_bridge_check,"LINESTRING(1165.312 2775.3941, 1151.1698 2578.8184)"
R095,secondary_road,,,,no,no,0.75,no,0,0,,,source_id=path102; needs_bridge_check,"LINESTRING(1151.1698 2578.8184, 980.05 2578.8184, 987.82817 2399.2133000000003)"
R096,secondary_road,,,,no,no,0.75,no,0,0,,,source_id=path103; needs_bridge_check,"LINESTRING(987.82817 2399.2133, 963.07944 2438.1041999999998, 789.8382799999999 2435.9829)"
R097,secondary_road,,,,no,no,0.75,no,0,0,,,source_id=path104; needs_bridge_check,"LINESTRING(789.83828 2435.9829, 838.62864 2298.8041)"
R098,secondary_road,,,,no,no,0.75,no,0,0,,,source_id=path105; needs_bridge_check,"LINESTRING(637.81032 2270.5199, 838.62864 2298.8041)"
R099,secondary_road,,,,no,no,0.75,no,0,0,,,source_id=path106; needs_bridge_check,"LINESTRING(642.76006 2411.9412, 644.8813899999999 2515.8859)"
R100,secondary_road,,,,no,no,0.75,no,0,0,,,source_id=path107; needs_bridge_check,"LINESTRING(440.52753 2662.257, 642.7600600000001 2670.7423)"
R101,secondary_road,,,,no,no,0.75,no,0,0,,,source_id=path108; needs_bridge_check,"LINESTRING(440.52753 2662.257, 431.33514 2503.8651, 456.08387000000005 2502.4509, 452.54834000000005 2411.2340999999997)"
R102,secondary_road,,,,no,no,0.75,no,0,0,,,source_id=path109; needs_bridge_check,"LINESTRING(452.54834 2411.2341, 642.7600600000001 2411.9412)"
R103,secondary_road,,,,no,no,0.75,no,0,0,,,source_id=path110; needs_bridge_check,"LINESTRING(642.76006 2411.9412, 637.8103199999999 2270.5199000000002)"
R104,secondary_road,,,,no,no,0.75,no,0,0,,,source_id=path111; needs_bridge_check,"LINESTRING(637.81032 2270.5199, 642.7600600000001 2088.7933999999996, 720.54181 2085.2578999999996)"
R105,secondary_road,,,,no,no,0.75,no,0,0,,,source_id=path112; needs_bridge_check,"LINESTRING(642.76006 2088.7934, 448 2083)"
R106,secondary_road,,,,no,no,0.75,no,0,0,,,source_id=path113; needs_bridge_check,"LINESTRING(448 2083, 448 1974)"
R107,secondary_road,,,,no,no,0.75,no,0,0,,,source_id=path114; needs_bridge_check,"LINESTRING(448 1974, 719.8347 1982.0203)"
R108,secondary_road,,,,no,no,0.75,no,0,0,,,source_id=path115; needs_bridge_check,"LINESTRING(642.76006 2411.9412, 789.8382799999999 2435.9829000000004)"
R109,secondary_road,,,,no,no,0.75,no,0,0,,,source_id=path116; needs_bridge_check,"LINESTRING(773.57482 2522.6034, 789.83828 2435.9829)"
R110,secondary_road,,,,no,no,0.75,no,0,0,,,source_id=path117; needs_bridge_check,"LINESTRING(773.57482 2522.6034, 644.88139 2515.8858999999998)"
R111,secondary_road,,,,no,no,0.75,no,0,0,,,source_id=path118; needs_bridge_check,"LINESTRING(644.88139 2515.8859, 642.7600600000001 2670.7423000000003)"
R112,secondary_road,,,,no,no,0.75,no,0,0,,,source_id=path119; needs_bridge_check,"LINESTRING(642.76006 2670.7423, 780.29233 2677.1063)"
R113,secondary_road,,,,no,no,0.75,no,0,0,,,source_id=path120; needs_bridge_check,"LINESTRING(773.57482 2522.6034, 780.29233 2677.1063)"
R114,secondary_road,,,,no,no,0.75,no,0,0,,,source_id=path121; needs_bridge_check,"LINESTRING(780.29233 2677.1063, 972.5 2688, 973.5 2777.5)"
R115,secondary_road,,,,no,no,0.75,no,0,0,,,source_id=path122; needs_bridge_check,"LINESTRING(973.5 2777.5, 1165.312 2775.3941)"
R116,secondary_road,,,,no,no,0.75,no,0,0,,,source_id=path123; needs_bridge_check,"LINESTRING(973.5 2777.5, 665 2769.5)"
R117,secondary_road,,,,no,no,0.75,no,0,0,,,source_id=path124; needs_bridge_check,"LINESTRING(665 2769.5, 642.76006 2670.7423)"
R118,secondary_road,,,,no,no,0.75,no,0,0,,,source_id=path125; needs_bridge_check,"LINESTRING(1707.6629 2319.3102, 1718.2695 2579.5254999999997)"
R119,secondary_road,,,,no,no,0.75,yes,0.8,0.6,,,source_id=path126; needs_bridge_check,"LINESTRING(863.44023 1459.7536, 861.6414000000001 1579.3761, 800.4810500000001 1580.2755, 800.4810500000001 1766.4548, 934.7951700000001 1762.1100999999999)"
R120,secondary_road,,,,no,no,0.75,yes,0.8,0.6,,,source_id=path127; needs_bridge_check,"LINESTRING(891.66165 1393.7075, 892.22157 1255.586, 1137.7348 1207.0313)"
R121,secondary_road,,,,no,no,0.75,no,0,0,,,source_id=path128; needs_bridge_check,"LINESTRING(1137.7348 1207.0313, 673.66327 1195.3251)"
R122,secondary_road,,,,no,no,0.75,yes,0.8,0.6,,,source_id=path129; needs_bridge_check,"LINESTRING(891.66165 1393.7075, 863.44023 1459.7536)"
R123,secondary_road,,,,no,no,0.75,no,0,0,,,source_id=path130; needs_bridge_check,"LINESTRING(863.44023 1459.7536, 210.46356000000003 1457.0554)"
R124,secondary_road,,,,no,no,0.75,no,0,0,,,source_id=path131; needs_bridge_check,"LINESTRING(448 1974, 200.56997 1977.8178)"
R125,secondary_road,,,,no,no,0.75,no,0,0,,,source_id=path132; needs_bridge_check,"LINESTRING(448 2083, 200.56997 2085.7478)"
R126,secondary_road,,,,no,no,0.75,no,0,0,,,source_id=path133; needs_bridge_check,"LINESTRING(637.81032 2270.5199, 199.67055000000005 2271.9271)"
R127,secondary_road,,,,no,no,0.75,no,0,0,,,source_id=path134; needs_bridge_check,"LINESTRING(440.52753 2662.257, 301.30466 2665.8717)"
R128,secondary_road,,,,no,no,0.75,no,0,0,,,source_id=path135; needs_bridge_check,"LINESTRING(301.30466 2665.8717, 210.46356000000003 2668.57)"
R129,secondary_road,,,,no,no,0.75,no,0,0,,,source_id=path136; needs_bridge_check,"LINESTRING(301.30466 2665.8717, 301.30466 2760.3105, 472.19388000000004 2755.8134, 471.29446 2756.7128)"
R130,secondary_road,,,,no,no,0.75,no,0,0,,,source_id=path137; needs_bridge_check,"LINESTRING(472.19388 2755.8134, 663.49563 2762.8198)"
R131,secondary_road,,,,no,no,0.75,no,0,0,,,source_id=path138; needs_bridge_check,"LINESTRING(440.52753 2662.257, 472.19388000000004 2755.8134)"
R132,secondary_road,,,,no,no,0.75,no,0,0,,,source_id=path139; needs_bridge_check,"LINESTRING(665 2769.5, 663.76968 3026.5379)"
R133,secondary_road,,,,no,no,0.75,yes,0.8,0.6,,,source_id=path140; needs_bridge_check,"LINESTRING(1165.312 2775.3941, 1161.1471999999999 2996.8571)"
R134,secondary_road,,,,no,no,0.75,no,0,0,,,source_id=path141; needs_bridge_check,"LINESTRING(673.66327 1195.3251, 619.69825 1277.172, 202.36880000000002 1275.3732)"
R135,secondary_road,,,,no,no,0.75,no,0,0,,,source_id=path142; needs_bridge_check,"LINESTRING(805.87755 956.97959, 438.01603000000006 950.68367, 390.3469400000001 1024.4359, 283.3163300000001 1029.8324, 279.7186600000001 1099.0875, 198.77114000000012 1099.0875)"
R136,secondary_road,,,,no,no,0.75,no,0,0,,,source_id=path143; needs_bridge_check,"LINESTRING(805.87755 956.97959, 857.14431 858.04373)"
R137,secondary_road,,,,no,no,0.75,no,0,0,,,source_id=path144; needs_bridge_check,"LINESTRING(857.14431 858.04373, 1172.51 912.16775)"
R138,secondary_road,,,,no,no,0.75,no,0,0,,,source_id=path145; needs_bridge_check,"LINESTRING(857.14431 858.04373, 198.77114 851.74781)"
R139,secondary_road,,,,no,no,0.75,no,0,0,,,source_id=path146; needs_bridge_check,"LINESTRING(857.14431 858.04373, 814.87172 641.28426, 724.03061 644.88192, 688.05394 556.73907, 197.87172 553.1414)"
R140,secondary_road,,,,no,no,0.75,no,0,0,,,source_id=path147; needs_bridge_check,"LINESTRING(1034.3294 362.46501, 1163.8455000000001 440.71429)"
R141,secondary_road,,,,no,no,0.75,yes,0.8,0.6,,,source_id=path148; needs_bridge_check,"LINESTRING(934.08806 1984.1416, 984.9997500000001 2102.2284999999997)"
R142,secondary_road,,,,no,no,0.75,no,0,0,,,source_id=path149; needs_bridge_check,"LINESTRING(1355.5237 2775.3941, 1453.4886999999999 2775.7775, 1452.5583 2965.3776000000003, 1619.8499 2966.277, 1618.9754 2776.4252, 1716.8553 2776.8083)"
R143,secondary_road,,,,no,no,0.75,yes,0.8,0.6,,,source_id=path150; needs_bridge_check,"LINESTRING(2175 2343, 2411.3367 2432.0233, 2631.6938999999998 2437.4197999999997)"
R144,secondary_road,,,,no,no,0.75,no,0,0,,,source_id=path151; needs_bridge_check,"LINESTRING(2631.6939 2437.4198, 2628.0962000000004 1900.4679)"
R145,secondary_road,,,,no,no,0.75,no,0,0,,,source_id=path152; needs_bridge_check,"LINESTRING(2628.0962 1900.4679, 2959.9809999999998 1899.5685)"
R146,secondary_road,,,,no,no,0.75,yes,0.8,0.6,,,source_id=path153; needs_bridge_check,"LINESTRING(2631.6939 2437.4198, 2870.9388000000004 2437.4198, 2959.981 2360.9694, 2959.981 1899.5684999999999)"
R147,secondary_road,,,,no,no,0.75,no,0,0,,,source_id=path154; needs_bridge_check,"LINESTRING(2628.0962 1900.4679, 2562.4388 1902.2668, 2562.4388 1560.4883)"
R148,secondary_road,,,,no,no,0.75,no,0,0,,,source_id=path155; needs_bridge_check,"LINESTRING(2562.4388 1560.4883, 2955.484 1632.4417)"
R149,secondary_road,,,,no,no,0.75,no,0,0,,,source_id=path156; needs_bridge_check,"LINESTRING(2562.4388 1560.4883, 2322 1538.5)"
R150,secondary_road,,,,no,no,0.75,no,0,0,,,source_id=path157; needs_bridge_check,"LINESTRING(1492.7024 912.16775, 1504.7244999999998 646.68076)"
R151,secondary_road,,,,no,no,0.75,no,0,0,,,source_id=path158; needs_bridge_check,"LINESTRING(1588.1618 910.04643, 1568.5831 651.17784)"
R152,secondary_road,,,,no,no,0.75,no,0,0,,,source_id=path159; needs_bridge_check,"LINESTRING(1568.5831 651.17784, 1753.863 625.09475)"
R153,secondary_road,,,,no,no,0.75,no,0,0,,,source_id=path160; needs_bridge_check,"LINESTRING(1753.863 625.09475, 1799.7332000000001 432.61952999999994)"
R154,secondary_road,,,,no,no,0.75,no,0,0,,,source_id=path161; needs_bridge_check,"LINESTRING(1799.7332 432.61953, 2063.2624 409.23469)"
R155,secondary_road,,,,no,no,0.75,no,0,0,,,source_id=path162; needs_bridge_check,"LINESTRING(1753.863 625.09475, 1838.4082 731.22595, 1932.8469 746.51603, 2056.9665 669.1661799999999)"
R156,secondary_road,,,,no,no,0.75,no,0,0,,,source_id=path163; needs_bridge_check,"LINESTRING(2063.2624 409.23469, 2056.9665 669.1661799999999)"
R157,secondary_road,,,,no,no,0.75,no,0,0,,,source_id=path164; needs_bridge_check,"LINESTRING(2056.9665 669.16618, 2232.3528 661.97085)"
R158,secondary_road,,,,no,no,0.75,no,0,0,,,source_id=path165; needs_bridge_check,"LINESTRING(2056.9665 669.16618, 2065.0612 742.9183700000001)"
R159,secondary_road,,,,no,no,0.75,no,0,0,,,source_id=path166; needs_bridge_check,"LINESTRING(2065.0612 742.91837, 2116.328 703.34402, 2214.3644 696.14869)"
R160,secondary_road,,,,no,no,0.75,no,0,0,,,source_id=path167; needs_bridge_check,"LINESTRING(2214.3644 696.14869, 2232.3528 661.9708499999999)"
R161,secondary_road,,,,no,no,0.75,no,0,0,,,source_id=path168; needs_bridge_check,"LINESTRING(2232.3528 661.97085, 2351.0758 660.17201)"
R162,secondary_road,,,,no,no,0.75,no,0,0,,,source_id=path169; needs_bridge_check,"LINESTRING(2351.0758 660.17201, 2351.9752 583.72157)"
R163,secondary_road,,,,no,no,0.75,no,0,0,,,source_id=path170; needs_bridge_check,"LINESTRING(2351.9752 583.72157, 2409.5379 584.62099)"
R164,secondary_road,,,,no,no,0.75,no,0,0,,,source_id=path171; needs_bridge_check,"LINESTRING(2409.5379 584.62099, 2409.5379 688.95335, 2619.102 694.34985)"
R165,secondary_road,,,,no,no,0.75,no,0,0,,,source_id=path172; needs_bridge_check,"LINESTRING(2409.5379 584.62099, 2617.3032 580.12391)"
R166,secondary_road,,,,no,no,0.75,no,0,0,,,source_id=path173; needs_bridge_check,"LINESTRING(673.66327 1195.3251, 805.87755 956.97959)"
R167,secondary_road,,,,no,no,0.75,no,0,0,,,source_id=path174; needs_bridge_check,"LINESTRING(2049.1955 946.10887, 2065.0611999999996 742.9183700000001)"
R168,secondary_road,,,,no,no,0.75,yes,0.8,0.6,,,source_id=path175; needs_bridge_check,"LINESTRING(1172.51 912.16775, 1492.7024000000001 912.16775)"
R169,secondary_road,,,,no,no,0.75,yes,0.8,0.6,,,source_id=path176; needs_bridge_check,"LINESTRING(1172.51 912.16775, 1137.7348 1207.0312999999999)"
R170,secondary_road,,,,no,no,0.75,no,0,0,,,source_id=path177; needs_bridge_check,"LINESTRING(814.87172 641.28426, 818.46939 364.26385)"
R171,secondary_road,,,,no,no,0.75,no,0,0,,,source_id=path178; needs_bridge_check,"LINESTRING(818.46939 364.26385, 1034.3294 362.46501)"
R172,secondary_road,,,,no,no,0.75,no,0,0,,,source_id=path179; needs_bridge_check,"LINESTRING(1163.8455 440.71429, 1218.7098999999998 350.77259000000004, 1287.965 325.58892000000003)"
R173,secondary_road,,,,no,no,0.75,no,0,0,,,source_id=path180; needs_bridge_check,"LINESTRING(1287.965 325.58892, 1260.9824999999998 307.60058, 1277.1719999999998 232.94897999999998, 1305.0538999999999 193.37463999999997)"
R174,secondary_road,,,,no,no,0.75,no,0,0,,,source_id=path181; needs_bridge_check,"LINESTRING(1287.965 325.58892, 1455.2566 302.20408)"
R175,secondary_road,,,,no,no,0.75,no,0,0,,,source_id=path182; needs_bridge_check,"LINESTRING(1287.965 325.58892, 1342.8293999999999 401.13993999999997, 1417.4809999999998 438.01602999999994)"
R176,secondary_road,,,,no,no,0.75,no,0,0,,,source_id=path183; needs_bridge_check,"LINESTRING(1455.2566 302.20408, 1464.2506999999998 435.31777999999997)"
R177,secondary_road,,,,no,no,0.75,no,0,0,,,source_id=path184; needs_bridge_check,"LINESTRING(1163.8455 440.71429, 1118.8745999999999 502.77405, 1198.0232999999998 590.91691, 1317.6457999999998 613.40233, 1383.3031999999998 644.88192)"
R178,secondary_road,,,,no,no,0.75,no,0,0,,,source_id=path185; needs_bridge_check,"LINESTRING(1383.3032 644.88192, 1453.4577000000002 661.97085, 1504.7245000000003 646.6807600000001)"
R179,secondary_road,,,,no,no,0.75,no,0,0,,,source_id=path186; needs_bridge_check,"LINESTRING(1504.7245 646.68076, 1568.5831 651.17784)"
R180,secondary_road,,,,no,no,0.75,no,0,0,,,source_id=path187; needs_bridge_check,"LINESTRING(1383.3032 644.88192, 1426.4752 563.9344000000001)"
R181,secondary_road,,,,no,no,0.75,no,0,0,,,source_id=path189; needs_bridge_check,"LINESTRING(2214.3644 696.14869, 2269.2289 735.72303, 2300.7085 795.08455, 2303.4067 821.16764, 2347.4781 822.06706)"
R182,secondary_road,,,,no,no,0.75,no,0,0,,,source_id=path190; needs_bridge_check,"LINESTRING(2347.4781 822.06706, 2354.6735 921.90233, 2423.0292 926.39942)"
R183,secondary_road,,,,no,no,0.75,no,0,0,,,source_id=path191; needs_bridge_check,"LINESTRING(2423.0292 926.39942, 2398.7449 1030.7318)"
R184,secondary_road,,,,no,no,0.75,no,0,0,,,source_id=path192; needs_bridge_check,"LINESTRING(2398.7449 1030.7318, 2611.9067 1035.2289)"
R185,secondary_road,,,,no,no,0.75,no,0,0,,,source_id=path193; needs_bridge_check,"LINESTRING(2423.0292 926.39942, 2600.2143 930.8965, 2622.6997 906.6122399999999)"
R186,secondary_road,,,,no,no,0.75,no,0,0,,,source_id=path194; needs_bridge_check,"LINESTRING(2617.3032 580.12391, 2619.102 694.3498500000001)"
R187,secondary_road,,,,no,no,0.75,no,0,0,,,source_id=path195; needs_bridge_check,"LINESTRING(2619.102 694.34985, 2622.6996999999997 906.6122399999999)"
R188,secondary_road,,,,no,no,0.75,no,0,0,,,source_id=path196; needs_bridge_check,"LINESTRING(2611.457 918.75437, 2611.9067 1035.2289)"
R189,secondary_road,,,,no,no,0.75,no,0,0,,,source_id=path197; needs_bridge_check,"LINESTRING(2398.7449 1030.7318, 2331.2886000000003 1088.2945, 2167.5948000000003 1097.2885999999999, 2059 1081)"
R190,secondary_road,,,,no,no,0.75,no,0,0,,,source_id=path198; needs_bridge_check,"LINESTRING(2622.6997 906.61224, 2986.0641 903.91399)"
R191,secondary_road,,,,no,no,0.75,no,0,0,,,source_id=path199; needs_bridge_check,"LINESTRING(2611.9067 1035.2289, 2618.2026 1546.0977, 2562.4388 1560.4883)"
R192,secondary_road,,,,no,no,0.75,yes,0.8,0.6,,,source_id=path200; needs_bridge_check,"LINESTRING(2959.981 1899.5685, 2955.4840000000004 1632.4417)"
R193,secondary_road,,,,no,no,0.75,yes,0.8,0.6,,,source_id=path201; needs_bridge_check,"LINESTRING(2955.484 1632.4417, 2986.0641 903.9139900000001)"
R194,secondary_road,,,,no,no,0.75,yes,0.8,0.6,,,source_id=path202; needs_bridge_check,"LINESTRING(2986.0641 903.91399, 2987.863 487.48397)"
R195,secondary_road,,,,no,no,0.75,yes,0.8,0.6,,,source_id=path203; needs_bridge_check,"LINESTRING(2987.863 487.48397, 2620.0015 384.95044)"
R196,secondary_road,,,,no,no,0.75,no,0,0,,,source_id=path204; needs_bridge_check,"LINESTRING(2620.0015 384.95044, 2617.3032 580.12391)"
R197,secondary_road,,,,no,no,0.75,no,0,0,,,source_id=path205; needs_bridge_check,"LINESTRING(2351.9752 583.72157, 2350.1764 376.85569000000004)"
R198,secondary_road,,,,no,no,0.75,no,0,0,,,source_id=path206; needs_bridge_check,"LINESTRING(2350.1764 376.85569, 2349.277 310.29882999999995)"
R199,secondary_road,,,,no,no,0.75,no,0,0,,,source_id=path207; needs_bridge_check,"LINESTRING(2350.1764 376.85569, 2062.363 371.45918)"
R200,secondary_road,,,,no,no,0.75,no,0,0,,,source_id=path208; needs_bridge_check,"LINESTRING(1417.481 438.01603, 1464.2507 435.31778)"
R201,secondary_road,,,,no,no,0.75,no,0,0,,,source_id=path209; needs_bridge_check,"LINESTRING(1417.481 438.01603, 1426.4752 563.9344)"
R202,secondary_road,,,,no,no,0.75,no,0,0,,,source_id=path210; needs_bridge_check,"LINESTRING(1426.4752 563.9344, 1507.4227 565.73324)"
R203,secondary_road,,,,no,no,0.75,no,0,0,,,source_id=path211; needs_bridge_check,"LINESTRING(1507.4227 565.73324, 1504.7245 646.68076)"
R204,secondary_road,,,,no,no,0.75,no,0,0,,,source_id=path212; needs_bridge_check,"LINESTRING(1571.2813 569.3309, 1568.5831 651.1778400000001)"
R205,secondary_road,,,,no,no,0.75,no,0,0,,,source_id=path213; needs_bridge_check,"LINESTRING(1571.2813 569.3309, 1657.6254000000001 568.43149, 1656.7259000000001 427.22303000000005)"
R206,secondary_road,,,,no,no,0.75,no,0,0,,,source_id=path214; needs_bridge_check,"LINESTRING(1656.7259 427.22303, 1702.5962 391.24636, 1799.7332 432.61953)"
R207,secondary_road,,,,no,no,0.75,no,0,0,,,source_id=path215; needs_bridge_check,"LINESTRING(1702.5962 391.24636, 1663.0219 330.98542)"
R208,secondary_road,,,,no,no,0.75,no,0,0,,,source_id=path216; needs_bridge_check,"LINESTRING(1663.0219 330.98542, 1753.863 309.39941999999996, 1799.7332000000001 239.24489999999997)"
R209,secondary_road,,,,no,no,0.75,no,0,0,,,source_id=path217; needs_bridge_check,"LINESTRING(2062.363 371.45918, 2065.0611999999996 266.22741)"
R210,secondary_road,,,,no,no,0.75,no,0,0,,,source_id=path218; needs_bridge_check,"LINESTRING(2062.363 371.45918, 2063.2623999999996 409.23469)"
R211,secondary_road,,,,no,no,0.75,no,0,0,,,source_id=path219; needs_bridge_check,"LINESTRING(1656.7259 427.22303, 1609.9562999999998 426.32362)"
R212,secondary_road,,,,no,no,0.75,no,0,0,,,source_id=path220; needs_bridge_check,"LINESTRING(1609.9563 426.32362, 1608.1574 285.11516, 1663.0219 330.98542)"
R213,secondary_road,,,,no,no,0.75,no,0,0,,,source_id=path221; needs_bridge_check,"LINESTRING(1608.1574 285.11516, 1609.9563 221.25656)"
R214,secondary_road,,,,no,no,0.75,no,0,0,,,source_id=path222; needs_bridge_check,"LINESTRING(1455.2566 302.20408, 1457.0554 222.15597999999997)"
R215,secondary_road,,,,no,no,0.75,yes,0.8,0.6,,,source_id=path223; needs_bridge_check,"LINESTRING(1457.0554 222.15598, 1609.9563 221.25656)"
R216,secondary_road,,,,no,no,0.75,no,0,0,,,source_id=path224; needs_bridge_check,"LINESTRING(1464.2507 435.31778, 1609.9563 426.32362)"
R217,secondary_road,,,,no,no,0.75,yes,0.8,0.6,,,source_id=path225; needs_bridge_check,"LINESTRING(1457.0554 222.15598, 1305.0539 193.37464)"
R218,secondary_road,,,,no,no,0.75,no,0,0,,,source_id=path226; needs_bridge_check,"LINESTRING(1034.3294 362.46501, 1045.1224 178.98397)"
R219,secondary_road,,,,no,no,0.75,no,0,0,,,source_id=path227; needs_bridge_check,"LINESTRING(818.46939 364.26385, 824.76531 143.00728999999998)"
R220,secondary_road,,,,no,no,0.75,no,0,0,,,source_id=path228; needs_bridge_check,"LINESTRING(818.46939 364.26385, 609.80466 362.46501)"
R221,secondary_road,,,,no,no,0.75,no,0,0,,,source_id=path229; needs_bridge_check,"LINESTRING(609.80466 362.46501, 607.10641 143.90671)"
R222,secondary_road,,,,no,no,0.75,no,0,0,,,source_id=path230; needs_bridge_check,"LINESTRING(609.80466 362.46501, 418.22886 361.5656)"
R223,secondary_road,,,,no,no,0.75,no,0,0,,,source_id=path231; needs_bridge_check,"LINESTRING(418.22886 361.5656, 417.32945 138.5102)"
R224,secondary_road,,,,no,no,0.75,no,0,0,,,source_id=path232; needs_bridge_check,"LINESTRING(418.22886 361.5656, 209.56414 368.76093000000003)"
R225,secondary_road,,,,no,no,0.75,yes,0.8,0.6,,,source_id=path233; needs_bridge_check,"LINESTRING(1161.1472 2996.8571, 663.7696800000001 3026.5379000000003)"
R226,secondary_road,,,,no,no,0.75,yes,0.8,0.6,,,source_id=path234; needs_bridge_check,"LINESTRING(663.76968 3026.5379, 193.37464 3045.4257, 210.46356 2668.57)"
R227,secondary_road,,,,no,no,0.75,yes,0.8,0.6,,,source_id=path235; needs_bridge_check,"LINESTRING(210.46356 2668.57, 199.67055 2271.9271)"
R228,secondary_road,,,,no,no,0.75,yes,0.8,0.6,,,source_id=path236; needs_bridge_check,"LINESTRING(199.67055 2271.9271, 200.56996999999998 2085.7478)"
R229,secondary_road,,,,no,no,0.75,yes,0.8,0.6,,,source_id=path237; needs_bridge_check,"LINESTRING(200.56997 2085.7478, 200.56997 1977.8178)"
R230,secondary_road,,,,no,no,0.75,yes,0.8,0.6,,,source_id=path238; needs_bridge_check,"LINESTRING(200.56997 1977.8178, 210.46356 1457.0554000000002)"
R231,secondary_road,,,,no,no,0.75,yes,0.8,0.6,,,source_id=path239; needs_bridge_check,"LINESTRING(210.46356 1457.0554, 202.3688 1275.3732)"
R232,secondary_road,,,,no,no,0.75,yes,0.8,0.6,,,source_id=path240; needs_bridge_check,"LINESTRING(202.3688 1275.3732, 198.77114 1099.0875)"
R233,secondary_road,,,,no,no,0.75,yes,0.8,0.6,,,source_id=path241; needs_bridge_check,"LINESTRING(198.77114 1099.0875, 198.77114 851.74781)"
R234,secondary_road,,,,no,no,0.75,yes,0.8,0.6,,,source_id=path242; needs_bridge_check,"LINESTRING(198.77114 851.74781, 197.87172 553.1414)"
R235,secondary_road,,,,no,no,0.75,yes,0.8,0.6,,,source_id=path243; needs_bridge_check,"LINESTRING(197.87172 553.1414, 209.56414 368.76093)"
R236,secondary_road,,,,no,no,0.75,yes,0.8,0.6,,,source_id=path244; needs_bridge_check,"LINESTRING(209.56414 368.76093, 207.76531 141.20845, 417.32945 138.5102)"
R237,secondary_road,,,,no,no,0.75,yes,0.8,0.6,,,source_id=path245; needs_bridge_check,"LINESTRING(417.32945 138.5102, 607.10641 143.90671)"
R238,secondary_road,,,,no,no,0.75,yes,0.8,0.6,,,source_id=path246; needs_bridge_check,"LINESTRING(607.10641 143.90671, 824.76531 143.00729)"
R239,secondary_road,,,,no,no,0.75,yes,0.8,0.6,,,source_id=path247; needs_bridge_check,"LINESTRING(824.76531 143.00729, 1045.1224 178.98397)"
R240,secondary_road,,,,no,no,0.75,yes,0.8,0.6,,,source_id=path248; needs_bridge_check,"LINESTRING(1045.1224 178.98397, 1305.0538999999999 193.37464)"
R241,secondary_road,,,,no,no,0.75,yes,0.8,0.6,,,source_id=path249; needs_bridge_check,"LINESTRING(1609.9563 221.25656, 1799.7332000000001 239.2449)"
R242,secondary_road,,,,no,no,0.75,yes,0.8,0.6,,,source_id=path250; needs_bridge_check,"LINESTRING(1799.7332 239.2449, 2065.0612 266.22741)"
R243,secondary_road,,,,no,no,0.75,yes,0.8,0.6,,,source_id=path251; needs_bridge_check,"LINESTRING(2065.0612 266.22741, 2330.3892 311.19825000000003, 2349.277 310.29883)"
R244,secondary_road,,,,no,no,0.75,yes,0.8,0.6,,,source_id=path252; needs_bridge_check,"LINESTRING(2349.277 310.29883, 2620.0015 384.95044)"